LoginAVA18328@Gmail.com,pmiPMI00,LoginAVA18328@mailinator.com,0,11864281000,Approved,Yuki-san/LINE,,,4
LoginAVA18329@Gmail.com,pmiPMI00,LoginAVA18329@mailinator.com,0,11864274000,Approved,Yuki-san/LINE,,,4
LoginAVA18330@Gmail.com,pmiPMI00,LoginAVA18330@mailinator.com,0,11864270000,Approved,Yuki-san/LINE,,,4
LoginAVA18331@Gmail.com,pmiPMI00,LoginAVA18331@mailinator.com,0,11864262000,Approved,Yuki-san/LINE,,,4
LoginAVA18332@Gmail.com,pmiPMI00,LoginAVA18332@mailinator.com,0,11864260000,Approved,Yuki-san/LINE,,,4
LoginAVA18333@Gmail.com,pmiPMI00,LoginAVA18333@mailinator.com,0,11864256000,Approved,Yuki-san/LINE,,,4
LoginAVA18334@Gmail.com,pmiPMI00,LoginAVA18334@mailinator.com,0,11864252000,Approved,Yuki-san/LINE,,,4
LoginAVA18335@Gmail.com,pmiPMI00,LoginAVA18335@mailinator.com,0,11864242000,Approved,Yuki-san/LINE,,,4
LoginAVA18336@Gmail.com,pmiPMI00,LoginAVA18336@mailinator.com,0,11864234000,Approved,Yuki-san/LINE,,,4
LoginAVA18337@Gmail.com,pmiPMI00,LoginAVA18337@mailinator.com,0,11864229000,Approved,Yuki-san/LINE,,,4
LoginAVA18338@Gmail.com,pmiPMI00,LoginAVA18338@mailinator.com,0,11864228000,Approved,Yuki-san/LINE,,,4
LoginAVA18339@Gmail.com,pmiPMI00,LoginAVA18339@mailinator.com,0,11864223000,Approved,Yuki-san/LINE,,,4
LoginAVA18340@Gmail.com,pmiPMI00,LoginAVA18340@mailinator.com,0,11864217000,Approved,Yuki-san/LINE,,,4
LoginAVA18341@Gmail.com,pmiPMI00,LoginAVA18341@mailinator.com,0,11864216000,Approved,Yuki-san/LINE,,,4
LoginAVA18342@Gmail.com,pmiPMI00,LoginAVA18342@mailinator.com,0,11864215000,Approved,Yuki-san/LINE,,,4
LoginAVA18343@Gmail.com,pmiPMI00,LoginAVA18343@mailinator.com,0,11864213000,Approved,Yuki-san/LINE,,,4
LoginAVA18344@Gmail.com,pmiPMI00,LoginAVA18344@mailinator.com,0,11864210000,Approved,Yuki-san/LINE,,,4
LoginAVA18345@Gmail.com,pmiPMI00,LoginAVA18345@mailinator.com,0,11864204000,Approved,Yuki-san/LINE,,,4
LoginAVA18346@Gmail.com,pmiPMI00,LoginAVA18346@mailinator.com,0,11864203000,Approved,Yuki-san/LINE,,,4
LoginAVA18347@Gmail.com,pmiPMI00,LoginAVA18347@mailinator.com,0,11864198000,Approved,Yuki-san/LINE,,,4
LoginAVA18348@Gmail.com,pmiPMI00,LoginAVA18348@mailinator.com,0,11864195000,Approved,Yuki-san/LINE,,,4
LoginAVA18349@Gmail.com,pmiPMI00,LoginAVA18349@mailinator.com,0,11864194000,Approved,Yuki-san/LINE,,,4
LoginAVA18350@Gmail.com,pmiPMI00,LoginAVA18350@mailinator.com,0,11864185000,Approved,Yuki-san/LINE,,,4
LoginAVA18351@Gmail.com,pmiPMI00,LoginAVA18351@mailinator.com,0,11864184000,Approved,Yuki-san/LINE,,,4
LoginAVA18352@Gmail.com,pmiPMI00,LoginAVA18352@mailinator.com,0,11864181000,Approved,Yuki-san/LINE,,,4
LoginAVA18353@Gmail.com,pmiPMI00,LoginAVA18353@mailinator.com,0,11864171000,Approved,Yuki-san/LINE,,,4
LoginAVA18354@Gmail.com,pmiPMI00,LoginAVA18354@mailinator.com,0,11864170000,Approved,Yuki-san/LINE,,,4
LoginAVA18355@Gmail.com,pmiPMI00,LoginAVA18355@mailinator.com,0,11864166000,Approved,Yuki-san/LINE,,,4
LoginAVA18356@Gmail.com,pmiPMI00,LoginAVA18356@mailinator.com,0,11864161000,Approved,Yuki-san/LINE,,,4
LoginAVA18357@Gmail.com,pmiPMI00,LoginAVA18357@mailinator.com,0,11864155000,Approved,Yuki-san/LINE,,,4
LoginAVA18358@Gmail.com,pmiPMI00,LoginAVA18358@mailinator.com,0,11864149000,Approved,Yuki-san/LINE,,,4
LoginAVA18359@Gmail.com,pmiPMI00,LoginAVA18359@mailinator.com,0,11864148000,Approved,Yuki-san/LINE,,,4
LoginAVA18360@Gmail.com,pmiPMI00,LoginAVA18360@mailinator.com,0,11864132000,Approved,Yuki-san/LINE,,,4
LoginAVA18361@Gmail.com,pmiPMI00,LoginAVA18361@mailinator.com,0,11864131000,Approved,Yuki-san/LINE,,,4
LoginAVA18362@Gmail.com,pmiPMI00,LoginAVA18362@mailinator.com,0,11864130000,Approved,Yuki-san/LINE,,,4
LoginAVA18363@Gmail.com,pmiPMI00,LoginAVA18363@mailinator.com,0,11864128000,Approved,Yuki-san/LINE,,,4
LoginAVA18364@Gmail.com,pmiPMI00,LoginAVA18364@mailinator.com,0,11864120000,Approved,Yuki-san/LINE,,,4
LoginAVA18365@Gmail.com,pmiPMI00,LoginAVA18365@mailinator.com,0,11864118000,Approved,Yuki-san/LINE,,,4
LoginAVA18366@Gmail.com,pmiPMI00,LoginAVA18366@mailinator.com,0,11864115000,Approved,Yuki-san/LINE,,,4
LoginAVA18367@Gmail.com,pmiPMI00,LoginAVA18367@mailinator.com,0,11864108000,Approved,Yuki-san/LINE,,,4
LoginAVA18368@Gmail.com,pmiPMI00,LoginAVA18368@mailinator.com,0,11864102000,Approved,Yuki-san/LINE,,,4
LoginAVA18369@Gmail.com,pmiPMI00,LoginAVA18369@mailinator.com,0,11864099000,Approved,Yuki-san/LINE,,,4
LoginAVA18370@Gmail.com,pmiPMI00,LoginAVA18370@mailinator.com,0,11864084000,Approved,Yuki-san/LINE,,,4
LoginAVA18371@Gmail.com,pmiPMI00,LoginAVA18371@mailinator.com,0,11864080000,Approved,Yuki-san/LINE,,,4
LoginAVA18372@Gmail.com,pmiPMI00,LoginAVA18372@mailinator.com,0,11864077000,Approved,Yuki-san/LINE,,,4
LoginAVA18373@Gmail.com,pmiPMI00,LoginAVA18373@mailinator.com,0,11864076000,Approved,Yuki-san/LINE,,,4
LoginAVA18374@Gmail.com,pmiPMI00,LoginAVA18374@mailinator.com,0,11864073000,Approved,Yuki-san/LINE,,,4
LoginAVA18375@Gmail.com,pmiPMI00,LoginAVA18375@mailinator.com,0,11864070000,Approved,Yuki-san/LINE,,,4
LoginAVA18376@Gmail.com,pmiPMI00,LoginAVA18376@mailinator.com,0,11864063000,Approved,Yuki-san/LINE,,,4
LoginAVA18377@Gmail.com,pmiPMI00,LoginAVA18377@mailinator.com,0,11864060000,Approved,Yuki-san/LINE,,,4
LoginAVA18378@Gmail.com,pmiPMI00,LoginAVA18378@mailinator.com,0,11864058000,Approved,Yuki-san/LINE,,,4
LoginAVA18379@Gmail.com,pmiPMI00,LoginAVA18379@mailinator.com,0,11864055000,Approved,Yuki-san/LINE,,,4
LoginAVA18380@Gmail.com,pmiPMI00,LoginAVA18380@mailinator.com,0,11864048000,Approved,Yuki-san/LINE,,,4
LoginAVA18381@Gmail.com,pmiPMI00,LoginAVA18381@mailinator.com,0,11864046000,Approved,Yuki-san/LINE,,,4
LoginAVA18382@Gmail.com,pmiPMI00,LoginAVA18382@mailinator.com,0,11864044000,Approved,Yuki-san/LINE,,,4
LoginAVA18383@Gmail.com,pmiPMI00,LoginAVA18383@mailinator.com,0,11864034000,Approved,Yuki-san/LINE,,,4
LoginAVA18384@Gmail.com,pmiPMI00,LoginAVA18384@mailinator.com,0,11864031000,Approved,Yuki-san/LINE,,,4
LoginAVA18385@Gmail.com,pmiPMI00,LoginAVA18385@mailinator.com,0,11864029000,Approved,Yuki-san/LINE,,,4
LoginAVA18386@Gmail.com,pmiPMI00,LoginAVA18386@mailinator.com,0,11864026000,Approved,Yuki-san/LINE,,,4
LoginAVA18387@Gmail.com,pmiPMI00,LoginAVA18387@mailinator.com,0,11864022000,Approved,Yuki-san/LINE,,,4
LoginAVA18388@Gmail.com,pmiPMI00,LoginAVA18388@mailinator.com,0,11864019000,Approved,Yuki-san/LINE,,,4
LoginAVA18389@Gmail.com,pmiPMI00,LoginAVA18389@mailinator.com,0,11864018000,Approved,Yuki-san/LINE,,,4
LoginAVA18390@Gmail.com,pmiPMI00,LoginAVA18390@mailinator.com,0,11864016000,Approved,Yuki-san/LINE,,,4
LoginAVA18391@Gmail.com,pmiPMI00,LoginAVA18391@mailinator.com,0,11864015000,Approved,Yuki-san/LINE,,,4
LoginAVA18392@Gmail.com,pmiPMI00,LoginAVA18392@mailinator.com,0,11864014000,Approved,Yuki-san/LINE,,,4
LoginAVA18393@Gmail.com,pmiPMI00,LoginAVA18393@mailinator.com,0,11864013000,Approved,Yuki-san/LINE,,,4
LoginAVA18394@Gmail.com,pmiPMI00,LoginAVA18394@mailinator.com,0,11864008000,Approved,Yuki-san/LINE,,,4
LoginAVA18395@Gmail.com,pmiPMI00,LoginAVA18395@mailinator.com,0,11864005000,Approved,Yuki-san/LINE,,,4
LoginAVA18396@Gmail.com,pmiPMI00,LoginAVA18396@mailinator.com,0,11864001000,Approved,Yuki-san/LINE,,,4
LoginAVA18397@Gmail.com,pmiPMI00,LoginAVA18397@mailinator.com,0,11863992000,Approved,Yuki-san/LINE,,,4
LoginAVA18398@Gmail.com,pmiPMI00,LoginAVA18398@mailinator.com,0,11863986000,Approved,Yuki-san/LINE,,,4
LoginAVA18399@Gmail.com,pmiPMI00,LoginAVA18399@mailinator.com,0,11863984000,Approved,Yuki-san/LINE,,,4
LoginAVA18400@Gmail.com,pmiPMI00,LoginAVA18400@mailinator.com,0,11863982000,Approved,Yuki-san/LINE,,,4
LoginAVA18401@Gmail.com,pmiPMI00,LoginAVA18401@mailinator.com,0,11863981000,Approved,Yuki-san/LINE,,,4
LoginAVA18402@Gmail.com,pmiPMI00,LoginAVA18402@mailinator.com,0,11863979000,Approved,Yuki-san/LINE,,,4
LoginAVA18403@Gmail.com,pmiPMI00,LoginAVA18403@mailinator.com,0,11863977000,Approved,Yuki-san/LINE,,,4
LoginAVA18404@Gmail.com,pmiPMI00,LoginAVA18404@mailinator.com,0,11863975000,Approved,Yuki-san/LINE,,,4
LoginAVA18405@Gmail.com,pmiPMI00,LoginAVA18405@mailinator.com,0,11863972000,Approved,Yuki-san/LINE,,,4
LoginAVA18406@Gmail.com,pmiPMI00,LoginAVA18406@mailinator.com,0,11863969000,Approved,Yuki-san/LINE,,,4
LoginAVA18407@Gmail.com,pmiPMI00,LoginAVA18407@mailinator.com,0,11863966000,Approved,Yuki-san/LINE,,,4
LoginAVA18408@Gmail.com,pmiPMI00,LoginAVA18408@mailinator.com,0,11863965000,Approved,Yuki-san/LINE,,,4
LoginAVA18409@Gmail.com,pmiPMI00,LoginAVA18409@mailinator.com,0,11863963000,Approved,Yuki-san/LINE,,,4
LoginAVA18410@Gmail.com,pmiPMI00,LoginAVA18410@mailinator.com,0,11863959000,Approved,Yuki-san/LINE,,,4
LoginAVA18411@Gmail.com,pmiPMI00,LoginAVA18411@mailinator.com,0,11863952000,Approved,Yuki-san/LINE,,,4
LoginAVA18412@Gmail.com,pmiPMI00,LoginAVA18412@mailinator.com,0,11863949000,Approved,Yuki-san/LINE,,,4
LoginAVA18413@Gmail.com,pmiPMI00,LoginAVA18413@mailinator.com,0,11863944000,Approved,Yuki-san/LINE,,,4
LoginAVA18414@Gmail.com,pmiPMI00,LoginAVA18414@mailinator.com,0,11863942000,Approved,Yuki-san/LINE,,,4
LoginAVA18415@Gmail.com,pmiPMI00,LoginAVA18415@mailinator.com,0,11863941000,Approved,Yuki-san/LINE,,,4
LoginAVA18416@Gmail.com,pmiPMI00,LoginAVA18416@mailinator.com,0,11863940000,Approved,Yuki-san/LINE,,,4
LoginAVA18417@Gmail.com,pmiPMI00,LoginAVA18417@mailinator.com,0,11863936000,Approved,Yuki-san/LINE,,,4
LoginAVA18418@Gmail.com,pmiPMI00,LoginAVA18418@mailinator.com,0,11863934000,Approved,Yuki-san/LINE,,,4
LoginAVA18419@Gmail.com,pmiPMI00,LoginAVA18419@mailinator.com,0,11863933000,Approved,Yuki-san/LINE,,,4
LoginAVA18420@Gmail.com,pmiPMI00,LoginAVA18420@mailinator.com,0,11863928000,Approved,Yuki-san/LINE,,,4
LoginAVA18421@Gmail.com,pmiPMI00,LoginAVA18421@mailinator.com,0,11863918000,Approved,Yuki-san/LINE,,,4
LoginAVA18422@Gmail.com,pmiPMI00,LoginAVA18422@mailinator.com,0,11863917000,Approved,Yuki-san/LINE,,,4
LoginAVA18423@Gmail.com,pmiPMI00,LoginAVA18423@mailinator.com,0,11863916000,Approved,Yuki-san/LINE,,,4
LoginAVA18424@Gmail.com,pmiPMI00,LoginAVA18424@mailinator.com,0,11863912000,Approved,Yuki-san/LINE,,,4
LoginAVA18425@Gmail.com,pmiPMI00,LoginAVA18425@mailinator.com,0,11863900000,Approved,Yuki-san/LINE,,,4
LoginAVA18426@Gmail.com,pmiPMI00,LoginAVA18426@mailinator.com,0,11863892000,Approved,Yuki-san/LINE,,,4
LoginAVA18427@Gmail.com,pmiPMI00,LoginAVA18427@mailinator.com,0,11863881000,Approved,Yuki-san/LINE,,,4
LoginAVA18428@Gmail.com,pmiPMI00,LoginAVA18428@mailinator.com,0,11863870000,Approved,Yuki-san/LINE,,,4
LoginAVA18429@Gmail.com,pmiPMI00,LoginAVA18429@mailinator.com,0,11863866000,Approved,Yuki-san/LINE,,,4
LoginAVA18430@Gmail.com,pmiPMI00,LoginAVA18430@mailinator.com,0,11863860000,Approved,Yuki-san/LINE,,,4
LoginAVA18431@Gmail.com,pmiPMI00,LoginAVA18431@mailinator.com,0,11863858000,Approved,Yuki-san/LINE,,,4
LoginAVA18432@Gmail.com,pmiPMI00,LoginAVA18432@mailinator.com,0,11863856000,Approved,Yuki-san/LINE,,,4
LoginAVA18433@Gmail.com,pmiPMI00,LoginAVA18433@mailinator.com,0,11863854000,Approved,Yuki-san/LINE,,,4
LoginAVA18434@Gmail.com,pmiPMI00,LoginAVA18434@mailinator.com,0,11863853000,Approved,Yuki-san/LINE,,,4
LoginAVA18435@Gmail.com,pmiPMI00,LoginAVA18435@mailinator.com,0,11863852000,Approved,Yuki-san/LINE,,,4
LoginAVA18436@Gmail.com,pmiPMI00,LoginAVA18436@mailinator.com,0,11863850000,Approved,Yuki-san/LINE,,,4
LoginAVA18437@Gmail.com,pmiPMI00,LoginAVA18437@mailinator.com,0,11863847000,Approved,Yuki-san/LINE,,,4
LoginAVA18438@Gmail.com,pmiPMI00,LoginAVA18438@mailinator.com,0,11863846000,Approved,Yuki-san/LINE,,,4
LoginAVA18439@Gmail.com,pmiPMI00,LoginAVA18439@mailinator.com,0,11863840000,Approved,Yuki-san/LINE,,,4
LoginAVA18440@Gmail.com,pmiPMI00,LoginAVA18440@mailinator.com,0,11863835000,Approved,Yuki-san/LINE,,,4
LoginAVA18441@Gmail.com,pmiPMI00,LoginAVA18441@mailinator.com,0,11863833000,Approved,Yuki-san/LINE,,,4
LoginAVA18442@Gmail.com,pmiPMI00,LoginAVA18442@mailinator.com,0,11863828000,Approved,Yuki-san/LINE,,,4
LoginAVA18443@Gmail.com,pmiPMI00,LoginAVA18443@mailinator.com,0,11863820000,Approved,Yuki-san/LINE,,,4
LoginAVA18444@Gmail.com,pmiPMI00,LoginAVA18444@mailinator.com,0,11863815000,Approved,Yuki-san/LINE,,,4
LoginAVA18445@Gmail.com,pmiPMI00,LoginAVA18445@mailinator.com,0,11863813000,Approved,Yuki-san/LINE,,,4
LoginAVA18446@Gmail.com,pmiPMI00,LoginAVA18446@mailinator.com,0,11863801000,Approved,Yuki-san/LINE,,,4
LoginAVA18447@Gmail.com,pmiPMI00,LoginAVA18447@mailinator.com,0,11863798000,Approved,Yuki-san/LINE,,,4
LoginAVA18448@Gmail.com,pmiPMI00,LoginAVA18448@mailinator.com,0,11863796000,Approved,Yuki-san/LINE,,,4
LoginAVA18449@Gmail.com,pmiPMI00,LoginAVA18449@mailinator.com,0,11863792000,Approved,Yuki-san/LINE,,,4
LoginAVA18450@Gmail.com,pmiPMI00,LoginAVA18450@mailinator.com,0,11863789000,Approved,Yuki-san/LINE,,,4
LoginAVA18451@Gmail.com,pmiPMI00,LoginAVA18451@mailinator.com,0,11863784000,Approved,Yuki-san/LINE,,,4
LoginAVA18452@Gmail.com,pmiPMI00,LoginAVA18452@mailinator.com,0,11863765000,Approved,Yuki-san/LINE,,,4
LoginAVA18453@Gmail.com,pmiPMI00,LoginAVA18453@mailinator.com,0,11863758000,Approved,Yuki-san/LINE,,,4
LoginAVA18454@Gmail.com,pmiPMI00,LoginAVA18454@mailinator.com,0,11863748000,Approved,Yuki-san/LINE,,,4
LoginAVA18455@Gmail.com,pmiPMI00,LoginAVA18455@mailinator.com,0,11863746000,Approved,Yuki-san/LINE,,,4
LoginAVA18456@Gmail.com,pmiPMI00,LoginAVA18456@mailinator.com,0,11863745000,Approved,Yuki-san/LINE,,,4
LoginAVA18457@Gmail.com,pmiPMI00,LoginAVA18457@mailinator.com,0,11863743000,Approved,Yuki-san/LINE,,,4
LoginAVA18458@Gmail.com,pmiPMI00,LoginAVA18458@mailinator.com,0,11863739000,Approved,Yuki-san/LINE,,,4
LoginAVA18459@Gmail.com,pmiPMI00,LoginAVA18459@mailinator.com,0,11863735000,Approved,Yuki-san/LINE,,,4
LoginAVA18460@Gmail.com,pmiPMI00,LoginAVA18460@mailinator.com,0,11863731000,Approved,Yuki-san/LINE,,,4
LoginAVA18461@Gmail.com,pmiPMI00,LoginAVA18461@mailinator.com,0,11863730000,Approved,Yuki-san/LINE,,,4
LoginAVA18462@Gmail.com,pmiPMI00,LoginAVA18462@mailinator.com,0,11863727000,Approved,Yuki-san/LINE,,,4
LoginAVA18463@Gmail.com,pmiPMI00,LoginAVA18463@mailinator.com,0,11863719000,Approved,Yuki-san/LINE,,,4
LoginAVA18464@Gmail.com,pmiPMI00,LoginAVA18464@mailinator.com,0,11863716000,Approved,Yuki-san/LINE,,,4
LoginAVA18465@Gmail.com,pmiPMI00,LoginAVA18465@mailinator.com,0,11863715000,Approved,Yuki-san/LINE,,,4
LoginAVA18466@Gmail.com,pmiPMI00,LoginAVA18466@mailinator.com,0,11863714000,Approved,Yuki-san/LINE,,,4
LoginAVA18467@Gmail.com,pmiPMI00,LoginAVA18467@mailinator.com,0,11863709000,Approved,Yuki-san/LINE,,,4
LoginAVA18468@Gmail.com,pmiPMI00,LoginAVA18468@mailinator.com,0,11863707000,Approved,Yuki-san/LINE,,,4
LoginAVA18469@Gmail.com,pmiPMI00,LoginAVA18469@mailinator.com,0,11863693000,Approved,Yuki-san/LINE,,,4
LoginAVA18470@Gmail.com,pmiPMI00,LoginAVA18470@mailinator.com,0,11863689000,Approved,Yuki-san/LINE,,,4
LoginAVA18471@Gmail.com,pmiPMI00,LoginAVA18471@mailinator.com,0,11863686000,Approved,Yuki-san/LINE,,,4
LoginAVA18472@Gmail.com,pmiPMI00,LoginAVA18472@mailinator.com,0,11863684000,Approved,Yuki-san/LINE,,,4
LoginAVA18473@Gmail.com,pmiPMI00,LoginAVA18473@mailinator.com,0,11863682000,Approved,Yuki-san/LINE,,,4
LoginAVA18474@Gmail.com,pmiPMI00,LoginAVA18474@mailinator.com,0,11863672000,Approved,Yuki-san/LINE,,,4
LoginAVA18475@Gmail.com,pmiPMI00,LoginAVA18475@mailinator.com,0,11863671000,Approved,Yuki-san/LINE,,,4
LoginAVA18476@Gmail.com,pmiPMI00,LoginAVA18476@mailinator.com,0,11863661000,Approved,Yuki-san/LINE,,,4
LoginAVA18477@Gmail.com,pmiPMI00,LoginAVA18477@mailinator.com,0,11863650000,Approved,Yuki-san/LINE,,,4
LoginAVA18478@Gmail.com,pmiPMI00,LoginAVA18478@mailinator.com,0,11863638000,Approved,Yuki-san/LINE,,,4
LoginAVA18479@Gmail.com,pmiPMI00,LoginAVA18479@mailinator.com,0,11863636000,Approved,Yuki-san/LINE,,,4
LoginAVA18480@Gmail.com,pmiPMI00,LoginAVA18480@mailinator.com,0,11863632000,Approved,Yuki-san/LINE,,,4
LoginAVA18481@Gmail.com,pmiPMI00,LoginAVA18481@mailinator.com,0,11863628000,Approved,Yuki-san/LINE,,,4
LoginAVA18482@Gmail.com,pmiPMI00,LoginAVA18482@mailinator.com,0,11863626000,Approved,Yuki-san/LINE,,,4
LoginAVA18483@Gmail.com,pmiPMI00,LoginAVA18483@mailinator.com,0,11863625000,Approved,Yuki-san/LINE,,,4
LoginAVA18484@Gmail.com,pmiPMI00,LoginAVA18484@mailinator.com,0,11863619000,Approved,Yuki-san/LINE,,,4
LoginAVA18485@Gmail.com,pmiPMI00,LoginAVA18485@mailinator.com,0,11863616000,Approved,Yuki-san/LINE,,,4
LoginAVA18486@Gmail.com,pmiPMI00,LoginAVA18486@mailinator.com,0,11863611000,Approved,Yuki-san/LINE,,,4
LoginAVA18487@Gmail.com,pmiPMI00,LoginAVA18487@mailinator.com,0,11863604000,Approved,Yuki-san/LINE,,,4
LoginAVA18488@Gmail.com,pmiPMI00,LoginAVA18488@mailinator.com,0,11863586000,Approved,Yuki-san/LINE,,,4
LoginAVA18489@Gmail.com,pmiPMI00,LoginAVA18489@mailinator.com,0,11863580000,Approved,Yuki-san/LINE,,,4
LoginAVA18490@Gmail.com,pmiPMI00,LoginAVA18490@mailinator.com,0,11863579000,Approved,Yuki-san/LINE,,,4
LoginAVA18491@Gmail.com,pmiPMI00,LoginAVA18491@mailinator.com,0,11863578000,Approved,Yuki-san/LINE,,,4
LoginAVA18492@Gmail.com,pmiPMI00,LoginAVA18492@mailinator.com,0,11863575000,Approved,Yuki-san/LINE,,,4
LoginAVA18493@Gmail.com,pmiPMI00,LoginAVA18493@mailinator.com,0,11863561000,Approved,Yuki-san/LINE,,,4
LoginAVA18494@Gmail.com,pmiPMI00,LoginAVA18494@mailinator.com,0,11863559000,Approved,Yuki-san/LINE,,,4
LoginAVA18495@Gmail.com,pmiPMI00,LoginAVA18495@mailinator.com,0,11863557000,Approved,Yuki-san/LINE,,,4
LoginAVA18496@Gmail.com,pmiPMI00,LoginAVA18496@mailinator.com,0,11863551000,Approved,Yuki-san/LINE,,,4
LoginAVA18497@Gmail.com,pmiPMI00,LoginAVA18497@mailinator.com,0,11863547000,Approved,Yuki-san/LINE,,,4
LoginAVA18498@Gmail.com,pmiPMI00,LoginAVA18498@mailinator.com,0,11863543000,Approved,Yuki-san/LINE,,,4
LoginAVA18499@Gmail.com,pmiPMI00,LoginAVA18499@mailinator.com,0,11863542000,Approved,Yuki-san/LINE,,,4
LoginAVA18500@Gmail.com,pmiPMI00,LoginAVA18500@mailinator.com,0,11863540000,Approved,Yuki-san/LINE,,,4
LoginAVA18501@Gmail.com,pmiPMI00,LoginAVA18501@mailinator.com,0,11863538000,Approved,Yuki-san/LINE,,,4
LoginAVA18502@Gmail.com,pmiPMI00,LoginAVA18502@mailinator.com,0,11863536000,Approved,Yuki-san/LINE,,,4
LoginAVA18503@Gmail.com,pmiPMI00,LoginAVA18503@mailinator.com,0,11863533000,Approved,Yuki-san/LINE,,,4
LoginAVA18504@Gmail.com,pmiPMI00,LoginAVA18504@mailinator.com,0,11863523000,Approved,Yuki-san/LINE,,,4
LoginAVA18505@Gmail.com,pmiPMI00,LoginAVA18505@mailinator.com,0,11863521000,Approved,Yuki-san/LINE,,,4
LoginAVA18506@Gmail.com,pmiPMI00,LoginAVA18506@mailinator.com,0,11863519000,Approved,Yuki-san/LINE,,,4
LoginAVA18507@Gmail.com,pmiPMI00,LoginAVA18507@mailinator.com,0,11863517000,Approved,Yuki-san/LINE,,,4
LoginAVA18508@Gmail.com,pmiPMI00,LoginAVA18508@mailinator.com,0,11863513000,Approved,Yuki-san/LINE,,,4
LoginAVA18509@Gmail.com,pmiPMI00,LoginAVA18509@mailinator.com,0,11863506000,Approved,Yuki-san/LINE,,,4
LoginAVA18510@Gmail.com,pmiPMI00,LoginAVA18510@mailinator.com,0,11863505000,Approved,Yuki-san/LINE,,,4
LoginAVA18511@Gmail.com,pmiPMI00,LoginAVA18511@mailinator.com,0,11863504000,Approved,Yuki-san/LINE,,,4
LoginAVA18512@Gmail.com,pmiPMI00,LoginAVA18512@mailinator.com,0,11863500000,Approved,Yuki-san/LINE,,,4
LoginAVA18513@Gmail.com,pmiPMI00,LoginAVA18513@mailinator.com,0,11863492000,Approved,Yuki-san/LINE,,,4
LoginAVA18514@Gmail.com,pmiPMI00,LoginAVA18514@mailinator.com,0,11863489000,Approved,Yuki-san/LINE,,,4
